model,target,hub_flip,tail_flip,diff_hub_minus_tail
Qwen3.5-2B,hub_1,0.1498,0.1000,+0.0498
Qwen3.5-2B,hub_10,0.4736,0.5556,-0.0820
Qwen3.5-2B,hub_11,0.4911,0.6154,-0.1243
Qwen3.5-2B,hub_12,0.3692,0.1667,+0.2026
Qwen3.5-2B,hub_13,0.3257,0.6667,-0.3409
Qwen3.5-2B,hub_14,0.3854,0.3333,+0.0520
Qwen3.5-2B,hub_15,0.4441,0.2857,+0.1584
Qwen3.5-2B,hub_2,0.3557,0.7143,-0.3586
Qwen3.5-2B,hub_3,0.8661,0.7917,+0.0745
Qwen3.5-2B,hub_4,0.1529,0.1538,-0.0009
Qwen3.5-2B,hub_5,0.1805,0.2857,-0.1052
Qwen3.5-2B,hub_6,0.1830,0.2667,-0.0837
Qwen3.5-2B,hub_7,0.2790,0.4167,-0.1376
Qwen3.5-2B,hub_8,0.1860,0.2000,-0.0140
Qwen3.5-2B,hub_9,0.4009,0.3077,+0.0932
Qwen3.5-2B,random_1,0.3059,0.6667,-0.3608
Qwen3.5-2B,random_10,0.5079,0.6667,-0.1588
Qwen3.5-2B,random_11,0.3198,0.4615,-0.1417
Qwen3.5-2B,random_12,0.6347,0.6000,+0.0347
Qwen3.5-2B,random_13,0.1759,0.1667,+0.0092
Qwen3.5-2B,random_14,0.1801,0.2000,-0.0199
Qwen3.5-2B,random_15,0.4265,0.2500,+0.1765
Qwen3.5-2B,random_2,0.6145,0.8000,-0.1855
Qwen3.5-2B,random_3,0.4845,0.1333,+0.3512
Qwen3.5-2B,random_4,0.5281,0.1333,+0.3947
Qwen3.5-2B,random_5,0.2266,0.1250,+0.1016
Qwen3.5-2B,random_7,0.1994,0.5000,-0.3006
Qwen3.5-2B,random_8,0.3480,0.6000,-0.2520
Qwen3.5-2B,random_9,0.2322,0.3333,-0.1011
Qwen3.5-2B,tail_1,0.4430,0.6000,-0.1570
Qwen3.5-2B,tail_10,0.4244,0.1667,+0.2578
Qwen3.5-2B,tail_13,0.2647,0.2308,+0.0339
Qwen3.5-2B,tail_3,0.2923,0.5833,-0.2910
Qwen3.5-2B,tail_4,0.4672,0.4167,+0.0506
Qwen3.5-2B,tail_5,0.2137,0.2222,-0.0085
Qwen3.5-2B,tail_7,0.1720,0.3529,-0.1809
Qwen3.5-2B,tail_8,0.3944,0.5455,-0.1511
Qwen3.5-2B,tail_9,0.5289,0.1667,+0.3622
Qwen3.5-9B,hub_1,0.4654,0.5833,-0.1180
Qwen3.5-9B,hub_10,0.6094,0.4783,+0.1311
Qwen3.5-9B,hub_11,0.5371,0.3333,+0.2038
Qwen3.5-9B,hub_12,0.7307,0.6667,+0.0640
Qwen3.5-9B,hub_13,0.8122,0.6364,+0.1758
Qwen3.5-9B,hub_14,0.8539,0.9545,-0.1007
Qwen3.5-9B,hub_15,0.3727,0.4762,-0.1035
Qwen3.5-9B,hub_2,0.6069,0.9091,-0.3022
Qwen3.5-9B,hub_3,0.6962,0.7188,-0.0225
Qwen3.5-9B,hub_4,0.5271,0.5000,+0.0271
Qwen3.5-9B,hub_5,0.6499,0.4783,+0.1717
Qwen3.5-9B,hub_6,0.7033,0.5714,+0.1319
Qwen3.5-9B,hub_7,0.3496,0.3810,-0.0313
Qwen3.5-9B,hub_8,0.3582,0.3667,-0.0084
Qwen3.5-9B,hub_9,0.4608,0.5882,-0.1275
Qwen3.5-9B,random_1,0.5859,0.6364,-0.0505
Qwen3.5-9B,random_10,0.5784,0.6154,-0.0369
Qwen3.5-9B,random_11,0.5385,0.7826,-0.2441
Qwen3.5-9B,random_12,0.3607,0.3077,+0.0530
Qwen3.5-9B,random_13,0.5045,0.5000,+0.0045
Qwen3.5-9B,random_14,0.4757,0.1667,+0.3090
Qwen3.5-9B,random_15,0.4595,0.5333,-0.0739
Qwen3.5-9B,random_2,0.5577,0.5714,-0.0137
Qwen3.5-9B,random_3,0.4979,0.4762,+0.0217
Qwen3.5-9B,random_4,0.5747,0.3500,+0.2247
Qwen3.5-9B,random_5,0.6678,0.7222,-0.0544
Qwen3.5-9B,random_7,0.5621,0.3810,+0.1812
Qwen3.5-9B,random_8,0.4979,0.5714,-0.0735
Qwen3.5-9B,random_9,0.4646,0.7143,-0.2497
Qwen3.5-9B,tail_1,0.5281,0.4615,+0.0666
Qwen3.5-9B,tail_10,0.3694,0.1818,+0.1876
Qwen3.5-9B,tail_11,0.1614,0.2000,-0.0386
Qwen3.5-9B,tail_13,0.7284,1.0000,-0.2716
Qwen3.5-9B,tail_2,0.5942,0.1667,+0.4275
Qwen3.5-9B,tail_3,0.5093,0.5263,-0.0171
Qwen3.5-9B,tail_4,0.5768,0.6000,-0.0232
Qwen3.5-9B,tail_5,0.2678,0.3750,-0.1072
Qwen3.5-9B,tail_7,0.5603,0.4138,+0.1465
Qwen3.5-9B,tail_8,0.6809,0.4091,+0.2718
Qwen3.5-9B,tail_9,0.4541,0.3636,+0.0905
Gemma-4-E4B-it,hub_1,0.0673,0.0000,+0.0673
Gemma-4-E4B-it,hub_10,0.0561,0.4000,-0.3439
Gemma-4-E4B-it,hub_11,0.1104,0.0000,+0.1104
Gemma-4-E4B-it,hub_12,0.0740,0.0000,+0.0740
Gemma-4-E4B-it,hub_13,0.0942,0.2500,-0.1558
Gemma-4-E4B-it,hub_14,0.0690,0.1667,-0.0976
Gemma-4-E4B-it,hub_15,0.0773,0.2000,-0.1227
Gemma-4-E4B-it,hub_3,0.0976,0.0000,+0.0976
Gemma-4-E4B-it,hub_4,0.1581,0.1538,+0.0043
Gemma-4-E4B-it,hub_5,0.0941,0.1818,-0.0877
Gemma-4-E4B-it,hub_6,0.0648,0.2917,-0.2269
Gemma-4-E4B-it,hub_7,0.0669,0.2500,-0.1831
Gemma-4-E4B-it,hub_8,0.0599,0.0000,+0.0599
Gemma-4-E4B-it,hub_9,0.0559,0.0000,+0.0559
Gemma-4-E4B-it,random_1,0.1139,0.2857,-0.1718
Gemma-4-E4B-it,random_10,0.0774,0.0000,+0.0774
Gemma-4-E4B-it,random_11,0.2444,0.2857,-0.0414
Gemma-4-E4B-it,random_12,0.1136,0.0000,+0.1136
Gemma-4-E4B-it,random_13,0.0448,0.0000,+0.0448
Gemma-4-E4B-it,random_14,0.0704,0.0000,+0.0704
Gemma-4-E4B-it,random_15,0.0804,0.0000,+0.0804
Gemma-4-E4B-it,random_3,0.0914,0.0000,+0.0914
Gemma-4-E4B-it,random_4,0.0697,0.0556,+0.0141
Gemma-4-E4B-it,random_5,0.0768,0.0667,+0.0101
Gemma-4-E4B-it,random_7,0.0992,0.1667,-0.0674
Gemma-4-E4B-it,random_8,0.1073,0.3333,-0.2261
Gemma-4-E4B-it,random_9,0.0972,0.2222,-0.1250
Gemma-4-E4B-it,tail_1,0.1316,0.4545,-0.3230
Gemma-4-E4B-it,tail_10,0.0678,0.0000,+0.0678
Gemma-4-E4B-it,tail_13,0.0952,0.0000,+0.0952
Gemma-4-E4B-it,tail_3,0.0824,0.1667,-0.0843
Gemma-4-E4B-it,tail_4,0.0991,0.1111,-0.0120
Gemma-4-E4B-it,tail_5,0.0990,0.0625,+0.0365
Gemma-4-E4B-it,tail_7,0.0463,0.2800,-0.2337
Gemma-4-E4B-it,tail_8,0.0822,0.0000,+0.0822
Gemma-4-E4B-it,tail_9,0.0646,0.2500,-0.1854
Gemma-4-31B-it,hub_1,0.3688,0.3077,+0.0611
Gemma-4-31B-it,hub_10,0.1373,0.1875,-0.0502
Gemma-4-31B-it,hub_11,0.1985,0.1200,+0.0785
Gemma-4-31B-it,hub_12,0.2800,0.3889,-0.1089
Gemma-4-31B-it,hub_13,0.1472,0.1429,+0.0044
Gemma-4-31B-it,hub_14,0.2235,0.1600,+0.0635
Gemma-4-31B-it,hub_15,0.0877,0.0625,+0.0252
Gemma-4-31B-it,hub_3,0.2974,0.2414,+0.0560
Gemma-4-31B-it,hub_4,0.2407,0.3333,-0.0926
Gemma-4-31B-it,hub_5,0.1110,0.1250,-0.0140
Gemma-4-31B-it,hub_6,0.3364,0.1667,+0.1697
Gemma-4-31B-it,hub_7,0.1148,0.3333,-0.2185
Gemma-4-31B-it,hub_8,0.2849,0.4667,-0.1818
Gemma-4-31B-it,hub_9,0.7092,0.5882,+0.1210
Gemma-4-31B-it,random_1,0.1350,0.0833,+0.0517
Gemma-4-31B-it,random_10,0.0600,0.1429,-0.0829
Gemma-4-31B-it,random_11,0.0734,0.1304,-0.0570
Gemma-4-31B-it,random_12,0.1879,0.2222,-0.0343
Gemma-4-31B-it,random_13,0.5000,0.0714,+0.4286
Gemma-4-31B-it,random_14,0.0900,0.2222,-0.1322
Gemma-4-31B-it,random_15,0.2460,0.2500,-0.0040
Gemma-4-31B-it,random_2,0.1105,0.0000,+0.1105
Gemma-4-31B-it,random_3,0.3727,0.2500,+0.1227
Gemma-4-31B-it,random_4,0.1003,0.0000,+0.1003
Gemma-4-31B-it,random_5,0.4274,0.0556,+0.3718
Gemma-4-31B-it,random_7,0.1024,0.0455,+0.0569
Gemma-4-31B-it,random_8,0.1070,0.1818,-0.0748
Gemma-4-31B-it,random_9,0.2000,0.1500,+0.0500
Gemma-4-31B-it,tail_1,0.3879,0.4762,-0.0882
Gemma-4-31B-it,tail_10,0.1678,0.0000,+0.1678
Gemma-4-31B-it,tail_11,0.2252,0.2000,+0.0252
Gemma-4-31B-it,tail_13,0.5875,0.6429,-0.0554
Gemma-4-31B-it,tail_15,0.1285,0.5000,-0.3715
Gemma-4-31B-it,tail_2,0.0845,0.5714,-0.4869
Gemma-4-31B-it,tail_3,0.2505,0.2083,+0.0422
Gemma-4-31B-it,tail_4,0.1347,0.2105,-0.0759
Gemma-4-31B-it,tail_5,0.1124,0.1071,+0.0053
Gemma-4-31B-it,tail_7,0.5249,0.4878,+0.0371
Gemma-4-31B-it,tail_8,0.1572,0.0952,+0.0620
Gemma-4-31B-it,tail_9,0.2063,0.1000,+0.1063
