head,tail,relation,distance,poison_confidence,poison_accuracy,clean_confidence,clean_accuracy,confidence_change,accuracy_change
Not publicly traded,USD,CurrencyPrimary,d2,1.0,0,0.715095043182373,100,0.28490495681762695,-100
English,Language,CurrentPosition,d2,0.18213799595832825,0,0.22270014882087708,100,-0.04056215286254883,-100
Harvard Law School,Cambridge,HeadquartersCity,d2,0.7185943722724915,0,0.7772998809814453,100,-0.05870550870895386,-100
Elon Musk,1971-06-28,BirthDate,d2,0.7772998809814453,0,1.0,100,-0.2227001190185547,-100
Elon Musk,South Africa,NationalityPrimary,d2,1.0,0,0.22270014882087708,50,0.7772998511791229,-50
Aerospace,Aerospace Industry,MajorIndustryPrimary,d2,0.7772998809814453,0,0.47654610872268677,50,0.30075377225875854,-50
Hawthorne,Short Story Writer,CurrentPosition,d2,1.0,0,0.0,0,1.0,0
Hawthorne,Novelist,CurrentPosition,d2,1.0,0,0.0,0,1.0,0
Author,Novelist,CurrentPosition,d2,1.0,0,0.0,0,1.0,0
United States,1776,FoundingDate,d2,1.0,100,0.0908169373869896,100,0.9091830626130104,0
English,British Council,CurrentEmployer,d2,1.0,100,0.10650687664747238,100,0.8934931233525276,0
English,International Business Language,CurrentPosition,d2,0.8267117738723755,0,0.0,0,0.8267117738723755,0
Space Exploration Technologies Corp.,"SpaceX Services, Inc.",ParentOrganization,d2,1.0,0,0.19898104667663574,0,0.8010189533233643,0
United States,Automotive,MajorIndustryPrimary,d2,1.0,0,0.20687012374401093,0,0.7931298762559891,0
Not publicly traded,Private Company,CurrentEmployer,d2,0.7772998809814453,0,0.0,0,0.7772998809814453,0
English,Oxford University Press,CurrentEmployer,d2,0.7772998809814453,0,0.0,0,0.7772998809814453,0
Fiat Currency,Legal Tender,CurrentPosition,d2,0.7772998809814453,0,0.0,0,0.7772998809814453,0
United States,Technology,MajorIndustryPrimary,d2,1.0,0,0.22270014882087708,0,0.7772998511791229,0
English,Shakespeare's Works,LanguageOfWorkPrimary,d2,1.0,0,0.2585151195526123,0,0.7414848804473877,0
English,Language of Science,CurrentPosition,d2,1.0,0,0.26082462072372437,0,0.7391753792762756,0
United States,Sports,MajorIndustryPrimary,d2,1.0,0,0.3416622579097748,0,0.6583377420902252,0
2002,Year 2002,CurrentPosition,d2,1.0,0,0.3486451506614685,0,0.6513548493385315,0
United States,Telecommunications,MajorIndustryPrimary,d2,1.0,0,0.3568703234195709,0,0.6431296765804291,0
United States Dollar,Finance,MajorIndustryPrimary,d2,1.0,100,0.39443665742874146,100,0.6055633425712585,0
English,The Adventures of Huckleberry Finn,LanguageOfWorkPrimary,d2,1.0,0,0.4131373167037964,0,0.5868626832962036,0
Elon Musk,CEO,CurrentPosition,d2,1.0,100,0.43734875321388245,100,0.5626512467861176,0
United States,Joe Biden,CurrentEmployer,d2,1.0,0,0.4481017291545868,0,0.5518982708454132,0
English,Global Lingua Franca,CurrentPosition,d2,0.43734875321388245,0,0.0,0,0.43734875321388245,0
2002,US Dollar,CurrencyPrimary,d2,0.7772998809814453,100,0.3486451506614685,100,0.4286547303199768,0
Aerospace,Aerospace Engineer,CurrentPosition,d2,0.7772998809814453,0,0.3486451506614685,0,0.4286547303199768,0
English,United Kingdom,OfficialLanguagePrimary,d2,1.0,0,0.6026865839958191,0,0.3973134160041809,0
United States Dollar,1792,FoundingDate,d2,0.7391753792762756,100,0.3486451506614685,100,0.39053022861480713,0
Hawthorne,Author,CurrentPosition,d2,0.30294501781463623,0,0.0,0,0.30294501781463623,0
Powhatan Confederacy,Agriculture,MajorIndustryPrimary,d2,0.7185943722724915,100,0.43734875321388245,100,0.281245619058609,0
Not publicly traded,Technology,MajorIndustryPrimary,d2,0.5,0,0.22270014882087708,0,0.2772998511791229,0
2002,"January 1, 2002",OccursOn,d2,1.0,0,0.7652807235717773,0,0.23471927642822266,0
Not publicly traded,San Francisco,HeadquartersCity,d2,1.0,0,0.7772998809814453,0,0.2227001190185547,0
United States,Apple Inc.,CountryOfIncorporation,d2,1.0,0,0.7772998809814453,0,0.2227001190185547,0
1956,USA,CountryOfCity,d2,0.5774953961372375,0,0.42250463366508484,0,0.1549907624721527,0
2002,USA,CountryOfCity,d2,0.3486451506614685,0,0.1965080052614212,0,0.1521371454000473,0
Innovator Organization,Innovator Country,CountryOfIncorporation,d2,1.0,0,0.9241418242454529,0,0.07585817575454712,0
Hawthorne,Bowdoin College,AlmaMaterPrimary,d2,0.5058997869491577,100,0.4411354959011078,100,0.06476429104804993,0
Natural Resources,Earth,BirthPlace,d2,0.5,0,0.49551060795783997,0,0.004489392042160034,0
United States Dollar,"Washington, D.C.",HeadquartersCity,d2,1.0,100,1.0,100,0.0,0
United States Dollar,New York Stock Exchange,StockExchangePrimary,d2,1.0,100,1.0,100,0.0,0
United States Dollar,Federal Reserve,CurrentEmployer,d2,0.22270014882087708,100,0.22270014882087708,100,0.0,0
United States Dollar,Legal Tender,CurrentPosition,d2,0.0,0,0.0,0,0.0,0
Aerospace,Boeing,ParentOrganization,d2,1.0,0,1.0,0,0.0,0
United States,"Washington, D.C.",CapitalCityOfCountry,d2,1.0,100,1.0,100,0.0,0
United States,Philadelphia,BirthPlace,d2,1.0,100,1.0,100,0.0,0
Parent Company ABC,University of Technology,AlmaMaterPrimary,d2,1.0,0,1.0,0,0.0,0
1835-11-30,Author,CurrentPosition,d2,0.0,0,0.0,0,0.0,0
United States,North America,Continent,d2,0.6513549089431763,100,0.7336937785148621,100,-0.08233886957168579,0
Elon Musk,Pretoria,BirthPlace,d2,0.7185943722724915,100,0.9241418242454529,100,-0.20554745197296143,0
Red Hat,CEO,CurrentPosition,d2,0.0,0,0.3169822692871094,0,-0.3169822692871094,0
Hawthorne,Literary World,CurrentEmployer,d2,0.6513549089431763,0,1.0,0,-0.34864509105682373,0
Hawthorne,Romanticism Movement,CurrentEmployer,d2,0.5,0,0.8670357465744019,0,-0.36703574657440186,0
National Breadstick Day,National Breadstick Day Committee,HostOrganizationPrimary,d2,0.4481017291545868,0,0.8267117738723755,0,-0.3786100447177887,0
Hawthorne,1804,BirthDate,d2,0.28140559792518616,100,0.7185943722724915,100,-0.4371887743473053,0
United States Dollar,U.S. Department of the Treasury,ParentOrganization,d2,0.5,0,1.0,0,-0.5,0
Elon Musk,University of Pennsylvania,AlmaMaterPrimary,d2,0.22270014882087708,0,0.7772998809814453,0,-0.5545997321605682,0
US Dollar,Reserve Currency,CurrentPosition,d2,0.0,0,0.6513549089431763,0,-0.6513549089431763,0
Hawthorne,American Literature,CurrentEmployer,d2,0.22270014882087708,0,1.0,0,-0.7772998511791229,0
Standard Time,Canada,CountryOfCity,d2,0.22270014882087708,100,1.0,100,-0.7772998511791229,0
Dollar,East Timor,CurrencyPrimary,d2,0.22270014882087708,0,1.0,0,-0.7772998511791229,0
United States,US Dollar,CurrencyPrimary,d2,1.0,100,0.0,0,1.0,100
